root_id,label,name,nt_type,flow,super_class,class,sub_class,cell_type,hemilineage,nerve,connectivity_tag,side,input_synapses,output_synapses
720575940639427416,['ORN_DM1; Or42b; FBbt_00067046'; 'DM1 / Or42b ORN'; 'DM1 / OR42b ORN'; 'antennal lobe olfactory and thermo/hygrosensory receptor neuron (ALRN)'],AL.771,SER,afferent,sensory,olfactory,,['ORN_DM1'],,AN,['reciprocal'; 'feedforward_loop_participant'; '3_cycle_participant'],left,98,235
720575940605328230,['ORN_DM1; Or42b; FBbt_00067046'; 'DM1 / Or42b ORN'; 'antennal lobe olfactory and thermo/hygrosensory receptor neuron (ALRN)'],AL.530,,afferent,sensory,olfactory,,['ORN_DM1'],,AN,['reciprocal'; 'feedforward_loop_participant'; '3_cycle_participant'],left,121,309
720575940643977070,['ORN_DM1; Or42b; FBbt_00067046'; 'DM1 / Or42b ORN'; 'antennal lobe olfactory and thermo/hygrosensory receptor neuron (ALRN)'],AL.532,ACH,afferent,sensory,olfactory,,['ORN_DM1'],,AN,['rich_club'; 'reciprocal'; 'feedforward_loop_participant'; '3_cycle_participant'],right,146,322
720575940622276791,['ORN_DM1; Or42b; FBbt_00067046'; 'DM1 / OR42b ORN'; 'antennal lobe olfactory and thermo/hygrosensory receptor neuron (ALRN)'],AL.790,,afferent,sensory,olfactory,,['ORN_DM1'],,AN,['reciprocal'; 'feedforward_loop_participant'; '3_cycle_participant'],left,127,237
720575940636093541,['ORN_DM1; Or42b; FBbt_00067046'; 'DM1 / Or42b ORN'; 'antennal lobe olfactory and thermo/hygrosensory receptor neuron (ALRN)'],AL.554,SER,afferent,sensory,olfactory,,['ORN_DM1'],,AN,['reciprocal'; 'feedforward_loop_participant'; '3_cycle_participant'],right,102,222
720575940626976522,['ORN_DM1; Or42b; FBbt_00067046'; 'DM1 / Or42b ORN'; 'antennal lobe olfactory and thermo/hygrosensory receptor neuron (ALRN)'],AL.703,,afferent,sensory,olfactory,,['ORN_DM1'],,AN,['reciprocal'; 'feedforward_loop_participant'; '3_cycle_participant'],right,119,285
720575940630770042,['ALPN; DM1_lPN'; 'ALl1_dorsal'; 'mPN1_VL1'],AL.MB_CA.3,ACH,intrinsic,central,ALPN,uniglomerular,['DM1_lPN'],ALl1_ventral,,['rich_club'; 'reciprocal'; 'feedforward_loop_participant'; '3_cycle_participant'],left,10453,21749
720575940617825563,['ORN_DM1; Or42b; FBbt_00067046'; 'DM1 / Or42b ORN'; 'antennal lobe olfactory and thermo/hygrosensory receptor neuron (ALRN)'],AL.797,,afferent,sensory,olfactory,,['ORN_DM1'],,AN,['reciprocal'; 'feedforward_loop_participant'; '3_cycle_participant'],right,97,279
720575940622262593,['ORN_DM1; Or42b; FBbt_00067046'; 'DM1 / Or42B ORN'; 'antennal lobe olfactory and thermo/hygrosensory receptor neuron (ALRN)'],AL.752,ACH,afferent,sensory,olfactory,,['ORN_DM1'],,AN,['reciprocal'; 'feedforward_loop_participant'; '3_cycle_participant'; 'highly_reciprocal_neuron'],right,114,288
720575940637472053,['ORN_DM1; Or42b; FBbt_00067046'; 'DM1 / Or42B ORN'; 'antennal lobe olfactory and thermo/hygrosensory receptor neuron (ALRN)'],AL.687,,afferent,sensory,olfactory,,['ORN_DM1'],,AN,['reciprocal'; 'feedforward_loop_participant'; '3_cycle_participant'],left,137,308
720575940606001074,['ORN_DM1; Or42b; FBbt_00067046'; 'DM1 / Or42b ORN'; 'antennal lobe olfactory and thermo/hygrosensory receptor neuron (ALRN)'],AL.727,ACH,afferent,sensory,olfactory,,['ORN_DM1'],,AN,['reciprocal'; 'feedforward_loop_participant'; '3_cycle_participant'],left,135,280
720575940636187054,['ORN_DM1; Or42b; FBbt_00067046'; 'DM1 / Or42B ORN'; 'antennal lobe olfactory and thermo/hygrosensory receptor neuron (ALRN)'],AL.688,,afferent,sensory,olfactory,,['ORN_DM1'],,AN,['reciprocal'; 'feedforward_loop_participant'; '3_cycle_participant'],left,101,227
720575940647088004,['ORN_DM1; Or42b; FBbt_00067046'; 'DM1 / OR42b ORN'; 'antennal lobe olfactory and thermo/hygrosensory receptor neuron (ALRN)'],AL.769,,afferent,sensory,olfactory,,['ORN_DM1'],,AN,['reciprocal'; 'feedforward_loop_participant'; '3_cycle_participant'],right,108,226
720575940627253865,['ORN_DM1; Or42b; FBbt_00067046'; 'DM1 / Or42b ORN'; 'antennal lobe olfactory and thermo/hygrosensory receptor neuron (ALRN)'],AL.744,,afferent,sensory,olfactory,,['ORN_DM1'],,AN,['reciprocal'; 'feedforward_loop_participant'; '3_cycle_participant'],left,103,238
720575940630496975,['ORN_DM1; Or42b; FBbt_00067046'; 'DM1 / OR42b ORN'; 'antennal lobe olfactory and thermo/hygrosensory receptor neuron (ALRN)'],AL.695,,afferent,sensory,olfactory,,['ORN_DM1'],,AN,['reciprocal'; 'feedforward_loop_participant'; '3_cycle_participant'],left,98,234
720575940645824035,['ORN_DM1; Or42b; FBbt_00067046'; 'DM1 / OR42b ORN'; 'antennal lobe olfactory and thermo/hygrosensory receptor neuron (ALRN)'],AL.656,,afferent,sensory,olfactory,,['ORN_DM1'],,AN,['reciprocal'; 'feedforward_loop_participant'; '3_cycle_participant'],left,109,283
720575940619419757,['ORN_DM1; Or42b; FBbt_00067046'; 'DM1 / OR42b ORN'; 'antennal lobe olfactory and thermo/hygrosensory receptor neuron (ALRN)'],AL.643,,afferent,sensory,olfactory,,['ORN_DM1'],,AN,['reciprocal'; 'feedforward_loop_participant'; '3_cycle_participant'],left,108,281
720575940619702337,['ORN_DM1; Or42b; FBbt_00067046'; 'DM1 / OR42b ORN'; 'antennal lobe olfactory and thermo/hygrosensory receptor neuron (ALRN)'],AL.642,,afferent,sensory,olfactory,,['ORN_DM1'],,AN,['reciprocal'; 'feedforward_loop_participant'; '3_cycle_participant'],right,107,240
720575940628800277,['ORN_DM1; Or42b; FBbt_00067046'; 'DM1 / Or42B ORN'; 'antennal lobe olfactory and thermo/hygrosensory receptor neuron (ALRN)'],AL.629,ACH,afferent,sensory,olfactory,,['ORN_DM1'],,AN,['reciprocal'; 'feedforward_loop_participant'; '3_cycle_participant'],left,123,275
720575940625821758,['ORN_DM1; Or42b; FBbt_00067046'; 'smell sensory (olfactory) neurons'; 'antennal lobe olfactory and thermo/hygrosensory receptor neuron (ALRN)'],AL.707,SER,afferent,sensory,olfactory,,['ORN_DM1'],,AN,['reciprocal'; 'feedforward_loop_participant'; '3_cycle_participant'],left,120,264
720575940622281399,['ORN_DM1; Or42b; FBbt_00067046'; 'DM1 / Or42B ORN'; 'antennal lobe olfactory and thermo/hygrosensory receptor neuron (ALRN)'],AL.837,SER,afferent,sensory,olfactory,,['ORN_DM1'],,AN,['reciprocal'; 'feedforward_loop_participant'; '3_cycle_participant'; 'highly_reciprocal_neuron'],left,104,232
720575940623942119,['ORN_DM1; Or42b; FBbt_00067046'; 'DM1 / Or42B ORN'; 'antennal lobe olfactory and thermo/hygrosensory receptor neuron (ALRN)'],AL.671,SER,afferent,sensory,olfactory,,['ORN_DM1'],,AN,['reciprocal'; 'feedforward_loop_participant'; '3_cycle_participant'],left,137,237
720575940614102930,['ORN_DM1; Or42b; FBbt_00067046'; 'antennal lobe olfactory and thermo/hygrosensory receptor neuron (ALRN)'],AL.575,,afferent,sensory,olfactory,,['ORN_DM1'],,AN,['rich_club'; 'reciprocal'; 'feedforward_loop_participant'; '3_cycle_participant'],right,144,271
720575940615723350,['ORN_DM1; Or42b; FBbt_00067046'; 'antennal lobe olfactory and thermo/hygrosensory receptor neuron (ALRN)'],AL.649,,afferent,sensory,olfactory,,['ORN_DM1'],,AN,['reciprocal'; 'feedforward_loop_participant'; '3_cycle_participant'],right,127,270
720575940617351990,['ORN_DM1; Or42b; FBbt_00067046'; 'antennal lobe olfactory and thermo/hygrosensory receptor neuron (ALRN)'],AL.912,SER,afferent,sensory,olfactory,,['ORN_DM1'],,AN,['reciprocal'; 'feedforward_loop_participant'; '3_cycle_participant'],right,97,203
720575940618696920,['ORN_DM1; Or42b; FBbt_00067046'; 'antennal lobe olfactory and thermo/hygrosensory receptor neuron (ALRN)'],AL.645,ACH,afferent,sensory,olfactory,,['ORN_DM1'],,AN,['reciprocal'; 'feedforward_loop_participant'; '3_cycle_participant'],right,123,228
720575940627163560,['ORN_DM1; Or42b; FBbt_00067046'; 'antennal lobe olfactory and thermo/hygrosensory receptor neuron (ALRN)'],AL.702,,afferent,sensory,olfactory,,['ORN_DM1'],,AN,['reciprocal'; 'feedforward_loop_participant'; '3_cycle_participant'],right,106,236
720575940643980910,['ORN_DM1; Or42b; FBbt_00067046'; 'antennal lobe olfactory and thermo/hygrosensory receptor neuron (ALRN)'],AL.810,,afferent,sensory,olfactory,,['ORN_DM1'],,AN,['reciprocal'; 'feedforward_loop_participant'; '3_cycle_participant'],left,103,271
720575940622564621,['ORN_DM1; Or42b; FBbt_00067046'; 'antennal lobe olfactory and thermo/hygrosensory receptor neuron (ALRN)'],AL.637,,afferent,sensory,olfactory,,['ORN_DM1'],,AN,['reciprocal'; 'feedforward_loop_participant'; '3_cycle_participant'],right,138,271
720575940628749111,['ORN_DM1; Or42b; FBbt_00067046'; 'antennal lobe olfactory and thermo/hygrosensory receptor neuron (ALRN)'],AL.699,ACH,afferent,sensory,olfactory,,['ORN_DM1'],,AN,['reciprocal'; 'feedforward_loop_participant'; '3_cycle_participant'],right,104,241
720575940632224031,['ORN_DM1; Or42b; FBbt_00067046'; 'antennal lobe olfactory and thermo/hygrosensory receptor neuron (ALRN)'],AL.556,ACH,afferent,sensory,olfactory,,['ORN_DM1'],,AN,['reciprocal'; 'feedforward_loop_participant'; '3_cycle_participant'],left,131,297
720575940618539422,['ORN_DM1; Or42b; FBbt_00067046'; 'antennal lobe olfactory and thermo/hygrosensory receptor neuron (ALRN)'],AL.646,,afferent,sensory,olfactory,,['ORN_DM1'],,AN,['reciprocal'; 'feedforward_loop_participant'; '3_cycle_participant'],right,136,325
720575940620071872,['ORN_DM1; Or42b; FBbt_00067046'; 'antennal lobe olfactory and thermo/hygrosensory receptor neuron (ALRN)'],AL.590,ACH,afferent,sensory,olfactory,,['ORN_DM1'],,AN,['reciprocal'; 'feedforward_loop_participant'; '3_cycle_participant'],left,120,290
720575940629350782,['ORN_DM1; Or42b; FBbt_00067046'; 'antennal lobe olfactory and thermo/hygrosensory receptor neuron (ALRN)'],AL.739,,afferent,sensory,olfactory,,['ORN_DM1'],,AN,['reciprocal'; 'feedforward_loop_participant'; '3_cycle_participant'],left,121,296
720575940629728732,['ORN_DM1; Or42b; FBbt_00067046'; 'antennal lobe olfactory and thermo/hygrosensory receptor neuron (ALRN)'],AL.738,SER,afferent,sensory,olfactory,,['ORN_DM1'],,AN,['reciprocal'; 'feedforward_loop_participant'; '3_cycle_participant'],right,109,282
720575940629918762,['ORN_DM1; Or42b; FBbt_00067046'; 'antennal lobe olfactory and thermo/hygrosensory receptor neuron (ALRN)'],AL.606,ACH,afferent,sensory,olfactory,,['ORN_DM1'],,AN,['reciprocal'; 'feedforward_loop_participant'; '3_cycle_participant'],left,117,308
720575940631217782,['ORN_DM1; Or42b; FBbt_00067046'; 'antennal lobe olfactory and thermo/hygrosensory receptor neuron (ALRN)'],AL.602,,afferent,sensory,olfactory,,['ORN_DM1'],,AN,['reciprocal'; 'feedforward_loop_participant'; '3_cycle_participant'],right,126,268
720575940614559163,['ORN_DM1; Or42b; FBbt_00067046'; 'antennal lobe olfactory and thermo/hygrosensory receptor neuron (ALRN)'],AL.723,ACH,afferent,sensory,olfactory,,['ORN_DM1'],,AN,['reciprocal'; 'feedforward_loop_participant'; '3_cycle_participant'],left,106,303
720575940616546333,['ORN_DM1; Or42b; FBbt_00067046'; 'antennal lobe olfactory and thermo/hygrosensory receptor neuron (ALRN)'],AL.761,SER,afferent,sensory,olfactory,,['ORN_DM1'],,AN,['reciprocal'; 'feedforward_loop_participant'; '3_cycle_participant'],right,93,221
720575940619451233,['ORN_DM1; Or42b; FBbt_00067046'; 'antennal lobe olfactory and thermo/hygrosensory receptor neuron (ALRN)'],AL.718,,afferent,sensory,olfactory,,['ORN_DM1'],,AN,['reciprocal'; 'feedforward_loop_participant'; '3_cycle_participant'],right,134,278
720575940622891923,['ORN_DM1; Or42b; FBbt_00067046'; 'antennal lobe olfactory and thermo/hygrosensory receptor neuron (ALRN)'],AL.714,,afferent,sensory,olfactory,,['ORN_DM1'],,AN,['reciprocal'; 'feedforward_loop_participant'; '3_cycle_participant'],right,104,217
720575940627316303,['ORN_DM1; Or42b; FBbt_00067046'; 'antennal lobe olfactory and thermo/hygrosensory receptor neuron (ALRN)'],AL.701,,afferent,sensory,olfactory,,['ORN_DM1'],,AN,['reciprocal'; 'feedforward_loop_participant'; '3_cycle_participant'; 'highly_reciprocal_neuron'],left,106,265
720575940630664273,['ORN_DM1; Or42b; FBbt_00067046'; 'antennal lobe olfactory and thermo/hygrosensory receptor neuron (ALRN)'],AL.603,,afferent,sensory,olfactory,,['ORN_DM1'],,AN,['reciprocal'; 'feedforward_loop_participant'; '3_cycle_participant'],left,112,288
720575940619844534,['ORN_DM1; Or42b; FBbt_00067046'; 'antennal lobe olfactory and thermo/hygrosensory receptor neuron (ALRN)'],AL.641,,afferent,sensory,olfactory,,['ORN_DM1'],,AN,['reciprocal'; 'feedforward_loop_participant'; '3_cycle_participant'],right,149,281
720575940626779644,['ORN_DM1; Or42b; FBbt_00067046'; 'antennal lobe olfactory and thermo/hygrosensory receptor neuron (ALRN)'],AL.560,ACH,afferent,sensory,olfactory,,['ORN_DM1'],,AN,['reciprocal'; 'feedforward_loop_participant'; '3_cycle_participant'],left,135,294
720575940642284704,['ORN_DM1; Or42b; FBbt_00067046'; 'antennal lobe olfactory and thermo/hygrosensory receptor neuron (ALRN)'],AL.811,ACH,afferent,sensory,olfactory,,['ORN_DM1'],,AN,['reciprocal'; 'feedforward_loop_participant'; '3_cycle_participant'],left,117,248
720575940619071005,['ALPN; DM1_lPN'; 'ALl1_dorsal'],AL.MB_CA.4,ACH,intrinsic,central,ALPN,uniglomerular,['DM1_lPN'],ALl1_ventral,,['rich_club'; 'reciprocal'; 'feedforward_loop_participant'; '3_cycle_participant'],right,8256,22058
720575940620574305,['ORN_DM1; Or42b; FBbt_00067046'; 'antennal lobe olfactory and thermo/hygrosensory receptor neuron (ALRN)'],AL.716,,afferent,sensory,olfactory,,['ORN_DM1'],,AN,['reciprocal'; 'feedforward_loop_participant'; '3_cycle_participant'],left,112,267
720575940624045155,['ORN_DM1; Or42b; FBbt_00067046'; 'antennal lobe olfactory and thermo/hygrosensory receptor neuron (ALRN)'],AL.721,,afferent,sensory,olfactory,,['ORN_DM1'],,AN,['reciprocal'; 'feedforward_loop_participant'; '3_cycle_participant'],right,96,297
720575940627526735,['ORN_DM1; Or42b; FBbt_00067046'; 'antennal lobe olfactory and thermo/hygrosensory receptor neuron (ALRN)'],AL.888,SER,afferent,sensory,olfactory,,['ORN_DM1'],,AN,['reciprocal'; 'feedforward_loop_participant'; '3_cycle_participant'],left,101,235
720575940627996315,['ORN_DM1; Or42b; FBbt_00067046'; 'antennal lobe olfactory and thermo/hygrosensory receptor neuron (ALRN)'],AL.1115,SER,afferent,sensory,olfactory,,['ORN_DM1'],,AN,['reciprocal'; 'feedforward_loop_participant'; '3_cycle_participant'],left,94,201
720575940610059726,['ORN_DM1; Or42b; FBbt_00067046'; 'antennal lobe olfactory and thermo/hygrosensory receptor neuron (ALRN)'],AL.998,,afferent,sensory,olfactory,,['ORN_DM1'],,AN,['reciprocal'; 'feedforward_loop_participant'; '3_cycle_participant'],right,95,244
720575940624689336,['ORN_DM1; Or42b; FBbt_00067046'; 'antennal lobe olfactory and thermo/hygrosensory receptor neuron (ALRN)'],AL.710,ACH,afferent,sensory,olfactory,,['ORN_DM1'],,AN,['reciprocal'; 'feedforward_loop_participant'; '3_cycle_participant'],right,107,292
720575940628429056,['ORN_DM1; Or42b; FBbt_00067046'; 'antennal lobe olfactory and thermo/hygrosensory receptor neuron (ALRN)'],AL.609,ACH,afferent,sensory,olfactory,,['ORN_DM1'],,AN,['reciprocal'; 'feedforward_loop_participant'; '3_cycle_participant'],right,97,325
720575940628621316,['ORN_DM1; Or42b; FBbt_00067046'; 'antennal lobe olfactory and thermo/hygrosensory receptor neuron (ALRN)'],AL.787,ACH,afferent,sensory,olfactory,,['ORN_DM1'],,AN,['reciprocal'; 'feedforward_loop_participant'; '3_cycle_participant'],left,115,289
720575940631240296,['ORN_DM1; Or42b; FBbt_00067046'; 'antennal lobe olfactory and thermo/hygrosensory receptor neuron (ALRN)'],AL.601,,afferent,sensory,olfactory,,['ORN_DM1'],,AN,['reciprocal'; 'feedforward_loop_participant'; '3_cycle_participant'],left,126,308
720575940635146926,['ORN_DM1; Or42b; FBbt_00067046'; 'antennal lobe olfactory and thermo/hygrosensory receptor neuron (ALRN)'],AL.815,,afferent,sensory,olfactory,,['ORN_DM1'],,AN,['reciprocal'; 'feedforward_loop_participant'; '3_cycle_participant'],left,138,264
720575940635562096,['ORN_DM1; Or42b; FBbt_00067046'; 'antennal lobe olfactory and thermo/hygrosensory receptor neuron (ALRN)'],AL.1461,SER,afferent,sensory,olfactory,,['ORN_DM1'],,AN,['reciprocal'; 'feedforward_loop_participant'; '3_cycle_participant'],left,48,148
720575940635757936,['ORN_DM1; Or42b; FBbt_00067046'; 'antennal lobe olfactory and thermo/hygrosensory receptor neuron (ALRN)'],AL.734,ACH,afferent,sensory,olfactory,,['ORN_DM1'],,AN,['reciprocal'; 'feedforward_loop_participant'; '3_cycle_participant'],right,128,237
720575940639080526,['ORN_DM1; Or42b; FBbt_00067046'; 'antennal lobe olfactory and thermo/hygrosensory receptor neuron (ALRN)'],AL.596,,afferent,sensory,olfactory,,['ORN_DM1'],,AN,['reciprocal'; 'feedforward_loop_participant'; '3_cycle_participant'],right,102,247
720575940607927817,['ORN_DM1; Or42b; FBbt_00067046'; 'antennal lobe olfactory and thermo/hygrosensory receptor neuron (ALRN)'],AL.725,SER,afferent,sensory,olfactory,,['ORN_DM1'],,AN,['reciprocal'; 'feedforward_loop_participant'; '3_cycle_participant'],left,127,266
720575940614522847,['ORN_DM1; Or42b; FBbt_00067046'; 'antennal lobe olfactory and thermo/hygrosensory receptor neuron (ALRN)'],AL.653,ACH,afferent,sensory,olfactory,,['ORN_DM1'],,AN,['reciprocal'; 'feedforward_loop_participant'; '3_cycle_participant'],right,110,310
720575940617577797,['ORN_DM1; Or42b; FBbt_00067046'; 'antennal lobe olfactory and thermo/hygrosensory receptor neuron (ALRN)'],AL.760,,afferent,sensory,olfactory,,['ORN_DM1'],,AN,['reciprocal'; 'feedforward_loop_participant'; '3_cycle_participant'],right,130,213
720575940633509407,['ORN_DM1; Or42b; FBbt_00067046'; 'antennal lobe olfactory and thermo/hygrosensory receptor neuron (ALRN)'],AL.624,SER,afferent,sensory,olfactory,,['ORN_DM1'],,AN,['reciprocal'; 'feedforward_loop_participant'; '3_cycle_participant'],right,104,287
720575940619789248,['ORN_DM1; Or42b; FBbt_00067046'; 'antennal lobe olfactory and thermo/hygrosensory receptor neuron (ALRN)'],AL.545,,afferent,sensory,olfactory,,['ORN_DM1'],,AN,['reciprocal'; 'feedforward_loop_participant'; '3_cycle_participant'],right,130,276
720575940620028788,['ORN_DM1; Or42b; FBbt_00067046'; 'antennal lobe olfactory and thermo/hygrosensory receptor neuron (ALRN)'],AL.758,,afferent,sensory,olfactory,,['ORN_DM1'],,AN,['reciprocal'; 'feedforward_loop_participant'; '3_cycle_participant'; 'highly_reciprocal_neuron'],right,132,225
720575940624223888,['ORN_DM1; Or42b; FBbt_00067046'; 'antennal lobe olfactory and thermo/hygrosensory receptor neuron (ALRN)'],AL.617,,afferent,sensory,olfactory,,['ORN_DM1'],,AN,['reciprocal'; 'feedforward_loop_participant'; '3_cycle_participant'],left,118,297
720575940622651389,['ORN_DM1; Or42b; FBbt_00067046'; 'antennal lobe olfactory and thermo/hygrosensory receptor neuron (ALRN)'],AL.672,,afferent,sensory,olfactory,,['ORN_DM1'],,AN,['reciprocal'; 'feedforward_loop_participant'; '3_cycle_participant'],left,111,275
720575940633471839,['ORN_DM1; Or42b; FBbt_00067046'; 'antennal lobe olfactory and thermo/hygrosensory receptor neuron (ALRN)'],AL.580,,afferent,sensory,olfactory,,['ORN_DM1'],,AN,['reciprocal'; 'feedforward_loop_participant'; '3_cycle_participant'; 'highly_reciprocal_neuron'],right,129,291
720575940643812000,['LHCENT12#1'],LH.298,GLUT,intrinsic,central,LHCENT,,['LHCENT12b'; 'LHCENT12'],SLPpm1,,['rich_club'; 'reciprocal'; 'feedforward_loop_participant'; '3_cycle_participant'],left,588,313
720575940609894212,['LHCENT12#1'],LH.154,GLUT,intrinsic,central,LHCENT,,['LHCENT12b'; 'LHCENT12'],SLPpm1,,['rich_club'; 'reciprocal'; 'feedforward_loop_participant'; '3_cycle_participant'],right,1009,515
720575940631460394,['LHl1'],LH.61,GABA,intrinsic,central,LHLN,,['LHAV4a1_b'],LHl1__prim,,['rich_club'; 'reciprocal'; 'feedforward_loop_participant'; '3_cycle_participant'],right,808,1482
720575940620499115,['LHCENT12#2'],LH.194,GLUT,intrinsic,central,LHCENT,,['LHCENT12b'; 'LHCENT12'],SLPpm1,,['rich_club'; 'reciprocal'; 'feedforward_loop_participant'; '3_cycle_participant'],left,1041,383
720575940604398816,['LHl1'],LH.109,GABA,intrinsic,central,LHLN,,['LHAV4a1_b'],LHl1__prim,,['rich_club'; 'reciprocal'; 'feedforward_loop_participant'; '3_cycle_participant'],left,770,1048
720575940626868818,['DM1 / Or42b ORN'],AL.1729,SER,afferent,sensory,olfactory,,['ORN_DM1'],,AN,['feedforward_loop_participant'; '3_cycle_participant'],left,36,89
720575940624677709,['LHCENT12#2'],LH.169,GLUT,intrinsic,central,LHCENT,,['LHCENT12b'; 'LHCENT12'],SLPpm1,,['rich_club'; 'reciprocal'; 'feedforward_loop_participant'; '3_cycle_participant'],right,776,489
720575940615917580,[],LH.181,GABA,intrinsic,central,LHLN,,['LHAV4a1_b'],LHl1,,['rich_club'; 'reciprocal'; 'feedforward_loop_participant'; '3_cycle_participant'],left,964,613
720575940623064200,[],LH.769,GLUT,intrinsic,central,LHLN,,['CB1058'; 'LHPD3a3_b'; 'LHPD3a3_c'],LHd2,,['reciprocal'; 'feedforward_loop_participant'; '3_cycle_participant'],left,260,200
720575940631964130,[],LH.872,GLUT,intrinsic,central,LHLN,,['CB1058'; 'LHPD3a3_b'; 'LHPD3a3_c'],LHd2,,['reciprocal'; 'feedforward_loop_participant'],left,225,153
720575940612003441,[],LH.39,GLUT,intrinsic,central,,,['LHPD5c1'],putative_primary,,['rich_club'; 'reciprocal'; 'feedforward_loop_participant'; '3_cycle_participant'],left,4041,1968
720575940624166141,[],LH.197,GLUT,intrinsic,central,LHLN,,['LHAV4a1_b'],LHl1,,['rich_club'; 'reciprocal'; 'feedforward_loop_participant'; '3_cycle_participant'],left,863,342
720575940630902991,[],LH.810,GLUT,intrinsic,central,LHLN,,['CB1058'; 'LHPD3a3_b'; 'LHPD3a3_c'],LHd2,,['reciprocal'; 'feedforward_loop_participant'; '3_cycle_participant'],left,248,123
720575940621039952,[],LH.22,GLUT,intrinsic,central,,,['LHPD5c1'],putative_primary,,['rich_club'; 'reciprocal'; 'feedforward_loop_participant'; '3_cycle_participant'],right,4774,2321
720575940634229402,[],LH.622,GLUT,intrinsic,central,LHLN,,['CB1058'; 'LHPD3a3_b'; 'LHPD3a3_c'],LHd2,,['feedforward_loop_participant'; '3_cycle_participant'],right,281,200
720575940640097664,[],LH.122,GABA,intrinsic,central,LHLN,,['LHAV4a1_b'],LHl1,,['rich_club'; 'reciprocal'; 'feedforward_loop_participant'; '3_cycle_participant'],left,1032,839
720575940632271405,[],LH.463,GLUT,intrinsic,central,LHLN,,['CB1058'; 'LHPD3a3_b'; 'LHPD3a3_c'],LHd2,,['rich_club'; 'feedforward_loop_participant'; '3_cycle_participant'],right,420,219
720575940609850436,[],LH.532,GLUT,intrinsic,central,LHLN,,['CB1058'; 'LHPD3a3_b'; 'LHPD3a3_c'],LHd2,,['rich_club'; 'reciprocal'; 'feedforward_loop_participant'; '3_cycle_participant'],right,290,244
720575940625006157,[],LH.451,GLUT,intrinsic,central,LHLN,,['CB1058'; 'LHPD3a3_b'; 'LHPD3a3_c'],LHd2,,['rich_club'; 'reciprocal'; 'feedforward_loop_participant'; '3_cycle_participant'],right,404,255
720575940635052127,[],LH.78,GABA,intrinsic,central,LHLN,,['LHAV4a1_b'],LHl1,,['rich_club'; 'reciprocal'; 'feedforward_loop_participant'; '3_cycle_participant'],right,1313,969
720575940636508517,[],LH.110,GABA,intrinsic,central,LHLN,,['LHAV4a1_b'],LHl1,,['rich_club'; 'reciprocal'; 'feedforward_loop_participant'; '3_cycle_participant'],right,1071,634
720575940610514478,[],LH.655,GLUT,intrinsic,central,LHLN,,['CB1058'; 'LHPD3a3_b'; 'LHPD3a3_c'],LHd2,,['rich_club'; 'reciprocal'; 'feedforward_loop_participant'; '3_cycle_participant'],left,402,171
720575940627197459,[],LH.171,,intrinsic,central,LHLN,,['LHAV4a1_b'],LHl1,,['rich_club'; 'reciprocal'; 'feedforward_loop_participant'; '3_cycle_participant'],right,851,376