From,To,Neuropil,Synapses,Neuro Transmitter
720575940609959637,720575940604737708,LAL_R,38,GABA
720575940609959637,720575940604737708,VES_R,5,GABA
720575940609959637,720575940604737708,AL_R,5,GABA
720575940638526278,720575940629327659,LAL_L,31,GABA
720575940638526278,720575940629327659,VES_L,4,GABA
720575940624547622,720575940609959637,MB_ML_L,14,GABA
720575940624547622,720575940609959637,MB_VL_L,3,GABA
720575940624547622,720575940609959637,CRE_L,1,GABA
720575940609959637,720575940624547622,MB_VL_L,2,GABA
720575940609959637,720575940624547622,MB_ML_L,12,GABA
720575940613583001,720575940638526278,MB_ML_R,13,GABA
720575940613583001,720575940638526278,MB_VL_R,1,GABA
720575940638526278,720575940613583001,MB_ML_R,7,GABA
720575940638526278,720575940613583001,MB_VL_R,3,GABA